Topic,Terms,Rank
1,human,1
1,task,2
1,unit,3
1,weight,4
1,core,5
1,short,6
1,spare,7
1,warn,8
1,guard,9
1,compet,10
1,mockup,11
1,begin,12
1,endtoend,13
1,portabl,14
1,processing,15
1,carri,16
1,content,17
1,drop,18
1,lines,19
1,shall,20
1,stack,21
1,begun,22
1,offtheshelf,23
1,regul,24
1,stabil,25
1,violat,26
1,visual,27
1,wait,28
1,contamin,29
1,copi,30
2,fuel,1
2,water,2
2,valv,3
2,technician,4
2,cell,5
2,gse,6
2,ksc,7
2,bay,8
2,opf,9
2,pressur,10
2,delug,11
2,damag,12
2,disconnect,13
2,vent,14
2,check,15
2,port,16
2,arm,17
2,cap,18
2,inspector,19
2,omi,20
2,back,21
2,emerg,22
2,amp,23
2,helium,24
2,purg,25
2,suppress,26
2,contamination,27
2,inventori,28
2,off,29
2,valves,30
3,check,1
3,leak,2
3,electron,3
3,fluid,4
3,leakag,5
3,devic,6
3,cryogen,7
3,pyro,8
3,box,9
3,introduc,10
3,logic,11
3,pyrotechn,12
3,transient,13
3,display,14
3,bellow,15
3,character,16
3,concentr,17
3,startup,18
3,accommod,19
3,cover,20
3,fire,21
3,deploy,22
3,events,23
3,flexhos,24
3,inflight,25
3,solid,26
3,thermal,27
3,leaks,28
3,analys,29
3,expos,30
4,damag,1
4,pump,2
4,air,3
4,vacuum,4
4,improp,5
4,filter,6
4,injuri,7
4,problems,8
4,oil,9
4,hydraul,10
4,ring,11
4,debri,12
4,techniqu,13
4,sound,14
4,cold,15
4,heavi,16
4,relev,17
4,vapor,18
4,gas,19
4,fod,20
4,gaseous,21
4,matrix,22
4,atmospher,23
4,explos,24
4,hot,25
4,investig,26
4,layer,27
4,pressur,28
4,principl,29
4,supervisor,30
5,shuttl,1
5,abort,2
5,main,3
5,extens,4
5,ssme,5
5,gse,6
5,logist,7
5,spot,8
5,wast,9
5,late,10
5,report,11
5,block,12
5,rules,13
5,adhes,14
5,elements,15
5,crv,16
5,certifi,17
5,inadequate,18
5,ksc,19
5,loss,20
5,cdr,21
5,chain,22
5,routin,23
5,spc,24
5,almost,25
5,altitud,26
5,constraints,27
5,construct,28
5,debri,29
5,fluid,30
6,technolog,1
6,vendor,2
6,higher,3
6,recommend,4
6,procur,5
6,antenna,6
6,cot,7
6,onorbit,8
6,lesson,9
6,see,10
6,size,11
6,prototyp,12
6,qualif,13
6,components,14
6,tether,15
6,fit,16
6,price,17
6,purchas,18
6,room,19
6,inflight,20
6,iss,21
6,materi,22
6,ruptur,23
6,workmanship,24
6,acquir,25
6,expans,26
6,inappropri,27
6,match,28
6,privat,29
6,problems,30
7,tool,1
7,heat,2
7,radiat,3
7,exposur,4
7,align,5
7,interfer,6
7,shield,7
7,transfer,8
7,hole,9
7,temporari,10
7,deterior,11
7,heater,12
7,esd,13
7,performed,14
7,robust,15
7,techniqu,16
7,commerci,17
7,dynam,18
7,emi,19
7,exchang,20
7,scientif,21
7,caviti,22
7,commands,23
7,depict,24
7,fals,25
7,fuse,26
7,improp,27
7,materials,28
7,methodolog,29
7,observatori,30
8,crew,1
8,iss,2
8,comput,3
8,pilot,4
8,upgrad,5
8,eva,6
8,station,7
8,paramet,8
8,astronaut,9
8,coordin,10
8,checklist,11
8,partner,12
8,short,13
8,financi,14
8,preflight,15
8,reduct,16
8,tendenc,17
8,advers,18
8,designs,19
8,face,20
8,militari,21
8,uncontrol,22
8,bit,23
8,defici,24
8,tend,25
8,altitud,26
8,drive,27
8,sound,28
8,environments,29
8,explor,30
9,loss,1
9,command,2
9,fault,3
9,status,4
9,sequenc,5
9,telemetri,6
9,roll,7
9,recoveri,8
9,attitud,9
9,autom,10
9,onboard,11
9,sequence,12
9,imag,13
9,modul,14
9,errors,15
9,inflight,16
9,anomal,17
9,erron,18
9,logist,19
9,reserv,20
9,calibr,21
9,deactiv,22
9,preclud,23
9,catastroph,24
9,display,25
9,greater,26
9,nonpractic,27
9,analyt,28
9,downlink,29
9,dynam,30
10,chamber,1
10,optic,2
10,delay,3
10,ignit,4
10,fiber,5
10,care,6
10,propel,7
10,combust,8
10,predict,9
10,scienc,10
10,conserv,11
10,eventu,12
10,startup,13
10,investig,14
10,logic,15
10,report,16
10,shall,17
10,instal,18
10,object,19
10,solut,20
10,bend,21
10,failures,22
10,fli,23
10,overpressur,24
10,pictur,25
10,ratio,26
10,recommendations,27
10,transient,28
10,accumul,29
10,acquir,30
11,posit,1
11,access,2
11,platform,3
11,stop,4
11,switch,5
11,avion,6
11,door,7
11,lose,8
11,loss,9
11,measur,10
11,deploy,11
11,steel,12
11,documents,13
11,horizont,14
11,hydraul,15
11,interrupt,16
11,materi,17
11,position,18
11,structure,19
11,vapor,20
11,attach,21
11,despit,22
11,improp,23
11,manufactur,24
11,matrix,25
11,processing,26
11,shaft,27
11,simpli,28
11,technolog,29
11,unabl,30
12,instal,1
12,circuit,2
12,termin,3
12,devic,4
12,revers,5
12,srm,6
12,assum,7
12,conform,8
12,incorrect,9
12,exercis,10
12,recent,11
12,solid,12
12,back,13
12,chip,14
12,fall,15
12,accuraci,16
12,bar,17
12,people,18
12,segment,19
12,volt,20
12,weather,21
12,coat,22
12,print,23
12,site,24
12,undetect,25
12,voltag,26
12,arc,27
12,onto,28
12,protocol,29
12,special,30
13,thermal,1
13,temperatur,2
13,margin,3
13,lock,4
13,bear,5
13,load,6
13,lubric,7
13,hot,8
13,corros,9
13,analysis,10
13,fasten,11
13,performance,12
13,devic,13
13,parts,14
13,pin,15
13,consequ,16
13,unaccept,17
13,nozzl,18
13,preload,19
13,atmospher,20
13,metal,21
13,predict,22
13,reduct,23
13,spring,24
13,with,25
13,deplet,26
13,discrep,27
13,failures,28
13,restor,29
13,startup,30
14,cabl,1
14,wire,2
14,connector,3
14,insul,4
14,mate,5
14,pin,6
14,inadvert,7
14,preclud,8
14,har,9
14,incorrect,10
14,vibrat,11
14,tube,12
14,retest,13
14,lru,14
14,short,15
14,subject,16
14,extens,17
14,calcul,18
14,conductor,19
14,demat,20
14,expos,21
14,shown,22
14,expand,23
14,movement,24
14,hard,25
14,visual,26
14,wide,27
14,care,28
14,length,29
14,link,30
15,mainten,1
15,subsystem,2
15,compromis,3
15,interact,4
15,predict,5
15,particl,6
15,nois,7
15,serious,8
15,suscept,9
15,documents,10
15,exhaust,11
15,performance,12
15,loss,13
15,poor,14
15,wall,15
15,autom,16
15,buildup,17
15,presenc,18
15,situations,19
15,basi,20
15,facilities,21
15,mount,22
15,nonpractice,23
15,panel,24
15,slow,25
15,solut,26
15,suit,27
15,advers,28
15,constel,29
15,formal,30
16,pressur,1
16,hose,2
16,flex,3
16,sourc,4
16,moistur,5
16,pressure,6
16,redact,7
16,attach,8
16,clamp,9
16,fractur,10
16,itar,11
16,fabric,12
16,bend,13
16,certifi,14
16,deform,15
16,flaw,16
16,damage,17
16,danger,18
16,plate,19
16,reinforc,20
16,metal,21
16,unexpect,22
16,differenti,23
16,financi,24
16,temperatures,25
16,unanticip,26
16,worst,27
16,acoust,28
16,delay,29
16,inaccur,30
17,lesson,1
17,hazard,2
17,prime,3
17,care,4
17,oversight,5
17,satellit,6
17,polici,7
17,analysis,8
17,performed,9
17,bolt,10
17,crew,11
17,floor,12
17,accid,13
17,assum,14
17,site,15
17,extend,16
17,impos,17
17,plate,18
17,unknown,19
17,wit,20
17,audit,21
17,repeat,22
17,vari,23
17,handl,24
17,man,25
17,regardless,26
17,results,27
17,sequenc,28
17,supervisor,29
17,unless,30
18,fire,1
18,hazard,2
18,batteri,3
18,aircraft,4
18,conting,5
18,emerg,6
18,electrolyt,7
18,detector,8
18,explos,9
18,hot,10
18,cover,11
18,alarm,12
18,basic,13
18,card,14
18,care,15
18,inadvert,16
18,spaceflight,17
18,this,18
18,chain,19
18,handl,20
18,icd,21
18,esd,22
18,insuffici,23
18,pose,24
18,scape,25
18,tested,26
18,danger,27
18,gass,28
18,particl,29
18,analys,30
19,reliabl,1
19,class,2
19,proven,3
19,parts,4
19,larc,5
19,reliability,6
19,home,7
19,analys,8
19,digit,9
19,structur,10
19,transfer,11
19,realtim,12
19,save,13
19,performance,14
19,term,15
19,mix,16
19,chemic,17
19,contamin,18
19,anomal,19
19,imposs,20
19,sens,21
19,strength,22
19,string,23
19,toxic,24
19,treat,25
19,configurations,26
19,power,27
19,shorten,28
19,static,29
19,substitut,30
20,power,1
20,electr,2
20,see,3
20,rotat,4
20,voltag,5
20,energ,6
20,effici,7
20,regul,8
20,suppli,9
20,attend,10
20,becom,11
20,disrupt,12
20,unless,13
20,flaw,14
20,clearanc,15
20,supply,16
20,substanti,17
20,aerospac,18
20,arm,19
20,problems,20
20,brimg,21
20,caution,22
20,loop,23
20,policies,24
20,preplan,25
20,sneak,26
20,whenev,27
20,begin,28
20,deep,29
20,disabl,30
21,materi,1
21,excess,2
21,properti,3
21,coat,4
21,compress,5
21,delays,6
21,materials,7
21,fit,8
21,transfer,9
21,injury,10
21,vulner,11
21,coordin,12
21,greater,13
21,bond,14
21,rsrm,15
21,accommod,16
21,poor,17
21,formal,18
21,worker,19
21,adjac,20
21,composit,21
21,consequ,22
21,imper,23
21,satisfi,24
21,slack,25
21,cleanli,26
21,electr,27
21,misunderstand,28
21,qualif,29
21,signal,30
22,instrument,1
22,manufactur,2
22,lot,3
22,ship,4
22,becom,5
22,traceabl,6
22,anomalies,7
22,mark,8
22,calibr,9
22,insuffici,10
22,label,11
22,reveal,12
22,injuri,13
22,size,14
22,assumpt,15
22,recommend,16
22,short,17
22,asset,18
22,attribut,19
22,content,20
22,man,21
22,rework,22
22,vital,23
22,assum,24
22,carri,25
22,fit,26
22,incomplet,27
22,repair,28
22,simul,29
22,strain,30
23,payload,1
23,rocket,2
23,connect,3
23,electr,4
23,circuit,5
23,electrostat,6
23,measur,7
23,motor,8
23,ignit,9
23,discharg,10
23,sourc,11
23,inadvert,12
23,load,13
23,wire,14
23,certif,15
23,field,16
23,solder,17
23,air,18
23,around,19
23,frame,20
23,hazard,21
23,plug,22
23,solid,23
23,bridg,24
23,metal,25
23,radio,26
23,greater,27
23,msl,28
23,nozzl,29
23,short,30
24,structur,1
24,measur,2
24,track,3
24,bull,4
24,subject,5
24,evm,6
24,object,7
24,frequenc,8
24,aatt,9
24,incomplet,10
24,performance,11
24,breakdown,12
24,insuffici,13
24,matter,14
24,confin,15
24,domain,16
24,report,17
24,overhead,18
24,programproject,19
24,subcontractor,20
24,turbopump,21
24,calcul,22
24,damage,23
24,impos,24
24,meaning,25
24,proxim,26
24,suitabl,27
24,degre,28
24,exacerb,29
24,permit,30
25,surfac,1
25,seal,2
25,actuat,3
25,torqu,4
25,screw,5
25,gear,6
25,motor,7
25,thread,8
25,output,9
25,box,10
25,drawings,11
25,switch,12
25,attach,13
25,debri,14
25,instal,15
25,land,16
25,repair,17
25,hatch,18
25,impos,19
25,loss,20
25,ring,21
25,secondari,22
25,deviat,23
25,differenti,24
25,rais,25
25,spec,26
25,stack,27
25,character,28
25,checkout,29
25,cover,30
26,jpl,1
26,scienc,2
26,drive,3
26,across,4
26,mar,5
26,oxygen,6
26,flame,7
26,becom,8
26,mer,9
26,photo,10
26,pose,11
26,link,12
26,results,13
26,sources,14
26,vehicle,15
26,laboratori,16
26,land,17
26,recent,18
26,color,19
26,machin,20
26,parameters,21
26,aerospac,22
26,fabric,23
26,featur,24
26,hazard,25
26,head,26
26,intens,27
26,interfaces,28
26,measur,29
26,shock,30
27,valv,1
27,contamin,2
27,tank,3
27,propel,4
27,purg,5
27,gas,6
27,propuls,7
27,modif,8
27,catastroph,9
27,hydrogen,10
27,liquid,11
27,pipe,12
27,nitrogen,13
27,relief,14
27,incompat,15
27,helium,16
27,hypergol,17
27,partner,18
27,gase,19
27,formal,20
27,oxid,21
27,vapor,22
27,basi,23
27,becom,24
27,residu,25
27,sourc,26
27,bad,27
27,effici,28
27,inert,29
27,jeopard,30
28,softwar,1
28,simul,2
28,attitud,3
28,commerci,4
28,complic,5
28,thruster,6
28,transit,7
28,contractors,8
28,array,9
28,featur,10
28,endtoend,11
28,maneuv,12
28,delay,13
28,wheel,14
28,hot,15
28,plume,16
28,save,17
28,suit,18
28,cheaper,19
28,epoxi,20
28,performed,21
28,protection,22
28,heritag,23
28,onorbit,24
28,recent,25
28,recommendations,26
28,testb,27
28,uplink,28
28,joint,29
28,migrat,30
29,call,1
29,report,2
29,accid,3
29,secur,4
29,shop,5
29,arc,6
29,supervisor,7
29,bridg,8
29,emerg,9
29,formal,10
29,injur,11
29,scene,12
29,blade,13
29,cut,14
29,deviat,15
29,easili,16
29,inch,17
29,worker,18
29,attribut,19
29,becom,20
29,light,21
29,polici,22
29,presenc,23
29,wit,24
29,zerog,25
29,available,26
29,defici,27
29,injuri,28
29,mainten,29
29,preserv,30
30,investig,1
30,generat,2
30,transport,3
30,strong,4
30,store,5
30,caib,6
30,email,7
30,public,8
30,special,9
30,expos,10
30,polici,11
30,spaceflight,12
30,degre,13
30,hazards,14
30,server,15
30,strap,16
30,aluminum,17
30,damage,18
30,fan,19
30,injuri,20
30,results,21
30,retent,22
30,secur,23
30,analyt,24
30,begin,25
30,feed,26
30,network,27
30,qualif,28
30,vari,29
30,easi,30
31,clean,1
31,signal,2
31,suppli,3
31,crane,4
31,unexpect,5
31,output,6
31,room,7
31,suscept,8
31,relay,9
31,elev,10
31,speed,11
31,voltag,12
31,components,13
31,payload,14
31,subject,15
31,access,16
31,call,17
31,feet,18
31,checkout,19
31,contamin,20
31,laboratori,21
31,malfunct,22
31,rework,23
31,worstcas,24
31,movement,25
31,network,26
31,panel,27
31,tape,28
31,agreement,29
31,breakdown,30
32,vent,1
32,excess,2
32,move,3
32,blanket,4
32,sting,5
32,panel,6
32,post,7
32,angl,8
32,instal,9
32,aerodynam,10
32,brimg,11
32,limits,12
32,brake,13
32,brspan,14
32,carrier,15
32,decreas,16
32,load,17
32,deflect,18
32,hold,19
32,degre,20
32,back,21
32,kit,22
32,bar,23
32,caviti,24
32,certif,25
32,downward,26
32,fall,27
32,compart,28
32,extra,29
32,quicker,30
33,load,1
33,lift,2
33,handl,3
33,crane,4
33,damag,5
33,fixtur,6
33,dri,7
33,chamber,8
33,loop,9
33,gse,10
33,hoist,11
33,higher,12
33,institut,13
33,shown,14
33,deploy,15
33,heavi,16
33,programproject,17
33,stabil,18
33,structur,19
33,mainten,20
33,pod,21
33,proof,22
33,roll,23
33,serious,24
33,gate,25
33,hazard,26
33,coordin,27
33,erron,28
33,exercis,29
33,length,30
34,research,1
34,propos,2
34,get,3
34,mean,4
34,srb,5
34,content,6
34,effici,7
34,chart,8
34,agreement,9
34,begin,10
34,survey,11
34,acquisit,12
34,term,13
34,workforc,14
34,feedback,15
34,hold,16
34,loss,17
34,dri,18
34,reus,19
34,secur,20
34,copi,21
34,coupl,22
34,shelf,23
34,transit,24
34,agency,25
34,disassembl,26
34,excess,27
34,loads,28
34,purpos,29
34,unnecessarili,30
35,joint,1
35,defect,2
35,field,3
35,crack,4
35,weld,5
35,magnet,6
35,visual,7
35,repair,8
35,vehicle,9
35,fabric,10
35,joints,11
35,sensor,12
35,damage,13
35,formal,14
35,analys,15
35,insid,16
35,capac,17
35,effects,18
35,longterm,19
35,structur,20
35,controls,21
35,experiments,22
35,improp,23
35,practice,24
35,react,25
35,weight,26
35,contamin,27
35,coupl,28
35,ineffect,29
35,manufactur,30